{"cameraMode":{"drawMode":0,"name":"Shaded","section":"Shading Mode"},"sceneLighting":true,"audioPlay":false,"sceneViewState":{"showFog":false,"showMaterialUpdate":false,"showSkybox":true,"showFlares":false,"showImageEffects":false,"showParticleSystems":false},"in2DMode":false,"pivot":{"x":0.8544237017631531,"y":-4.438577651977539,"z":2.652369260787964},"rotation":{"x":-0.1047300398349762,"y":0.8854312896728516,"z":-0.24248775839805604,"w":-0.3824162483215332},"size":66.23997497558594,"orthographic":false}