{"cameraMode":{"drawMode":0,"name":"Shaded","section":"Shading Mode"},"sceneLighting":true,"audioPlay":false,"sceneViewState":{"showFog":true,"showMaterialUpdate":false,"showSkybox":false,"showFlares":true,"showImageEffects":true,"showParticleSystems":true},"in2DMode":false,"pivot":{"x":10.342048645019532,"y":5.503120422363281,"z":-7.4813151359558109},"rotation":{"x":-0.34300941228866579,"y":-0.620121955871582,"z":0.3459119498729706,"w":-0.6149547100067139},"size":92.3620376586914,"orthographic":false}